{"cameraMode":{"drawMode":0,"name":"Shaded","section":"Shading Mode"},"sceneLighting":false,"audioPlay":false,"sceneViewState":{"showFog":true,"showMaterialUpdate":true,"showSkybox":false,"showFlares":true,"showImageEffects":true,"showParticleSystems":true},"in2DMode":false,"pivot":{"x":0.0,"y":-0.026231735944747926,"z":0.014900684356689453},"rotation":{"x":0.09116801619529724,"y":0.9072238206863403,"z":-0.3207753896713257,"w":0.2572993040084839},"size":2.4983725547790529,"orthographic":true}