{"cameraMode":{"drawMode":0,"name":"Shaded","section":"Shading Mode"},"sceneLighting":true,"audioPlay":false,"sceneViewState":{"showFog":true,"showMaterialUpdate":true,"showSkybox":true,"showFlares":true,"showImageEffects":true,"showParticleSystems":true},"in2DMode":false,"pivot":{"x":-123.03570556640625,"y":311.5833740234375,"z":259.62652587890627},"rotation":{"x":-0.05795672535896301,"y":0.6166321039199829,"z":-0.045596059411764148,"w":-0.7837904691696167},"size":299.0516052246094,"orthographic":false}