{"cameraMode":{"drawMode":0,"name":"Shaded","section":"Shading Mode"},"sceneLighting":false,"audioPlay":false,"sceneViewState":{"showFog":true,"showMaterialUpdate":true,"showSkybox":false,"showFlares":true,"showImageEffects":true,"showParticleSystems":true},"in2DMode":false,"pivot":{"x":-9.653227806091309,"y":1.080003261566162,"z":-4.050000190734863},"rotation":{"x":-0.18966904282569886,"y":0.1234566792845726,"z":-0.02379937656223774,"w":-0.9739251732826233},"size":3.9964399337768556,"orthographic":true}