{"cameraMode":{"drawMode":0,"name":"Shaded","section":"Shading Mode"},"sceneLighting":true,"audioPlay":false,"sceneViewState":{"showFog":true,"showMaterialUpdate":true,"showSkybox":true,"showFlares":true,"showImageEffects":true,"showParticleSystems":true},"in2DMode":false,"pivot":{"x":23.670000076293947,"y":20.43000030517578,"z":-14.989999771118164},"rotation":{"x":-0.2187921106815338,"y":0.5274561047554016,"z":-0.14275182783603669,"w":-0.8084211349487305},"size":11.925186157226563,"orthographic":false}