{"cameraMode":{"drawMode":0,"name":"Shaded","section":"Shading Mode"},"sceneLighting":false,"audioPlay":false,"sceneViewState":{"showFog":true,"showMaterialUpdate":true,"showSkybox":false,"showFlares":true,"showImageEffects":true,"showParticleSystems":true},"in2DMode":false,"pivot":{"x":-17.5,"y":0.9568548202514648,"z":-31.250003814697267},"rotation":{"x":-0.21169255673885346,"y":0.20820093154907227,"z":-0.046428732573986056,"w":-0.9539988040924072},"size":35.98280334472656,"orthographic":true}