{"cameraMode":{"drawMode":0,"name":"Shaded","section":"Shading Mode"},"sceneLighting":true,"audioPlay":false,"sceneViewState":{"showFog":true,"showMaterialUpdate":true,"showSkybox":true,"showFlares":true,"showImageEffects":true,"showParticleSystems":true},"in2DMode":false,"pivot":{"x":2.5023462772369386,"y":3.9658899307250978,"z":3.747887134552002},"rotation":{"x":-0.027370920404791833,"y":-0.9685422778129578,"z":-0.11993630975484848,"w":0.2177789956331253},"size":4.005305290222168,"orthographic":true}