{"cameraMode":{"drawMode":0,"name":"Shaded","section":"Shading Mode"},"sceneLighting":true,"audioPlay":false,"sceneViewState":{"showFog":true,"showMaterialUpdate":true,"showSkybox":true,"showFlares":true,"showImageEffects":true,"showParticleSystems":true},"in2DMode":false,"pivot":{"x":400.0,"y":468.34735107421877,"z":10.793673515319825},"rotation":{"x":0.23307105898857118,"y":-0.2914361357688904,"z":0.0748356431722641,"w":0.9251406192779541},"size":557.8292236328125,"orthographic":true}