{"cameraMode":{"drawMode":0,"name":"Shaded","section":"Shading Mode"},"sceneLighting":true,"audioPlay":false,"sceneViewState":{"showFog":true,"showMaterialUpdate":true,"showSkybox":true,"showFlares":true,"showImageEffects":true,"showParticleSystems":true},"in2DMode":false,"pivot":{"x":77.38334655761719,"y":1.8160905838012696,"z":-3.999751567840576},"rotation":{"x":-0.13125039637088777,"y":-0.6033884882926941,"z":0.10080578178167343,"w":-0.7804771661758423},"size":6.151050567626953,"orthographic":true}